{"cameraMode":{"drawMode":0,"name":"Shaded","section":"Shading Mode"},"sceneLighting":false,"audioPlay":false,"sceneViewState":{"m_AlwaysRefresh":false,"showFog":true,"showSkybox":false,"showFlares":true,"showImageEffects":true,"showParticleSystems":true,"showVisualEffectGraphs":true,"m_FxEnabled":true},"in2DMode":false,"pivot":{"x":-1.690000057220459,"y":0.6000000238418579,"z":-2.5299999713897707},"rotation":{"x":0.20040428638458253,"y":0.21357998251914979,"z":-0.04481466859579086,"w":0.9551053643226624},"size":0.8660253882408142,"orthographic":true}