{"cameraMode":{"drawMode":0,"name":"Shaded","section":"Shading Mode"},"sceneLighting":false,"audioPlay":false,"sceneViewState":{"m_AlwaysRefresh":false,"showFog":true,"showSkybox":false,"showFlares":true,"showImageEffects":true,"showParticleSystems":true,"showVisualEffectGraphs":true,"m_FxEnabled":true},"in2DMode":false,"pivot":{"x":-19.09000015258789,"y":1.5299999713897706,"z":0.0000017881393432617188},"rotation":{"x":0.21859917044639588,"y":0.18220928311347962,"z":-0.0415872298181057,"w":0.9577520489692688},"size":1.9756220579147339,"orthographic":true}